﻿UserName,Date,Store Name,0,1,2,3,4
uma,1/1/20,Kroger,apple,banana,grapes,Milk,Bread
shafali,1/1/20,Kroger,NaN,NaN,grapes,NaN,Bread
sameera,1/2/20,Target,NaN,banana,NaN,Milk,NaN
uma,1/2/20,Target,apple,banana,grapes,Milk,Bread
shafali,1/2/20,Target,apple,banana,grapes,NaN,NaN
sameera,1/6/20,Target,NaN,banana,NaN,Milk,Bread
uma,1/7/20,Kroger,NaN,NaN,NaN,Milk,NaN
shafali,1/8/20,Kroger,NaN,banana,NaN,NaN,Bread
sameera,1/9/20,Kroger,NaN,NaN,grapes,Milk,Bread
uma,1/14/20,Target,NaN,NaN,grapes,Milk,NaN
sameera,1/14/20,Target,NaN,NaN,grapes,Milk,Bread
sameera,1/17/20,Kroger,NaN,NaN,grapes,NaN,Bread
uma,1/21/20,Kroger,apple,banana,grapes,Milk,Bread
uma,1/23/20,Kroger,apple,NaN,NaN,Milk,Bread
uma,1/30/20,Target,NaN,banana,NaN,Milk,Bread
shafali,2/2/20,Kroger,NaN,banana,grapes,Milk,NaN
sameera,2/2/20,Kroger,NaN,NaN,grapes,NaN,NaN
uma,2/2/20,Target,NaN,banana,NaN,Milk,Bread
shafali,2/2/20,Target,apple,banana,grapes,Milk,NaN
sameera,2/2/20,Target,apple,banana,grapes,Milk,Bread
uma,2/6/20,Target,NaN,banana,NaN,NaN,NaN
shafali,2/7/20,Kroger,NaN,NaN,NaN,Milk,Bread
sameera,2/8/20,Kroger,NaN,banana,NaN,NaN,NaN
uma,2/9/20,Kroger,NaN,NaN,grapes,Milk,NaN
sameera,2/14/20,Target,NaN,NaN,grapes,Milk,Bread
uma,2/14/20,Target,NaN,NaN,grapes,NaN,NaN
shafali,2/17/20,Kroger,NaN,NaN,grapes,Milk,Bread
sameera,2/21/20,Kroger,NaN,NaN,grapes,Milk,NaN
uma,2/23/20,Kroger,apple,banana,grapes,NaN,Bread
uma,3/5/20,Target,NaN,NaN,NaN,Milk,NaN